observation_date,CES5000000003
2006-03-01,26.77
2006-04-01,26.9
2006-05-01,27.03
2006-06-01,27.16
2006-07-01,27.11
2006-08-01,27.19
2006-09-01,27.46
2006-10-01,27.23
2006-11-01,27.53
2006-12-01,27.7
2007-01-01,27.95
2007-02-01,27.93
2007-03-01,27.96
2007-04-01,28.01
2007-05-01,28.13
2007-06-01,28.08
2007-07-01,28.0
2007-08-01,28.09
2007-09-01,28.06
2007-10-01,28.23
2007-11-01,28.32
2007-12-01,28.2
2008-01-01,28.37
2008-02-01,28.3
2008-03-01,28.53
2008-04-01,28.62
2008-05-01,28.55
2008-06-01,28.55
2008-07-01,28.87
2008-08-01,28.89
2008-09-01,28.86
2008-10-01,28.75
2008-11-01,28.73
2008-12-01,28.92
2009-01-01,28.82
2009-02-01,28.96
2009-03-01,28.73
2009-04-01,28.88
2009-05-01,29.27
2009-06-01,29.39
2009-07-01,29.71
2009-08-01,29.61
2009-09-01,29.64
2009-10-01,29.82
2009-11-01,29.88
2009-12-01,29.87
2010-01-01,29.89
2010-02-01,30.13
2010-03-01,30.15
2010-04-01,30.14
2010-05-01,30.26
2010-06-01,30.45
2010-07-01,30.54
2010-08-01,30.71
2010-09-01,30.99
2010-10-01,31.16
2010-11-01,31.25
2010-12-01,31.05
2011-01-01,31.49
2011-02-01,31.52
2011-03-01,31.76
2011-04-01,31.67
2011-05-01,31.56
2011-06-01,31.52
2011-07-01,31.57
2011-08-01,31.72
2011-09-01,31.38
2011-10-01,31.66
2011-11-01,31.64
2011-12-01,31.66
2012-01-01,31.64
2012-02-01,31.65
2012-03-01,31.61
2012-04-01,31.69
2012-05-01,31.84
2012-06-01,31.8
2012-07-01,31.87
2012-08-01,31.67
2012-09-01,31.76
2012-10-01,31.8
2012-11-01,31.85
2012-12-01,32.2
2013-01-01,32.47
2013-02-01,32.5
2013-03-01,32.63
2013-04-01,32.76
2013-05-01,32.72
2013-06-01,32.98
2013-07-01,32.83
2013-08-01,32.91
2013-09-01,33.14
2013-10-01,33.28
2013-11-01,33.39
2013-12-01,33.43
2014-01-01,33.4
2014-02-01,33.44
2014-03-01,33.68
2014-04-01,33.88
2014-05-01,33.94
2014-06-01,34.09
2014-07-01,34.26
2014-08-01,34.32
2014-09-01,34.41
2014-10-01,34.29
2014-11-01,34.39
2014-12-01,34.42
2015-01-01,34.53
2015-02-01,34.64
2015-03-01,34.69
2015-04-01,34.74
2015-05-01,34.89
2015-06-01,34.94
2015-07-01,35.0
2015-08-01,35.32
2015-09-01,35.39
2015-10-01,35.55
2015-11-01,35.77
2015-12-01,35.86
2016-01-01,36.05
2016-02-01,36.28
2016-03-01,36.11
2016-04-01,36.25
2016-05-01,36.57
2016-06-01,36.52
2016-07-01,36.62
2016-08-01,36.77
2016-09-01,37.01
2016-10-01,37.49
2016-11-01,37.43
2016-12-01,37.52
2017-01-01,37.54
2017-02-01,37.63
2017-03-01,37.6
2017-04-01,38.06
2017-05-01,38.18
2017-06-01,38.49
2017-07-01,38.68
2017-08-01,38.6
2017-09-01,38.55
2017-10-01,38.59
2017-11-01,38.66
2017-12-01,38.85
2018-01-01,38.95
2018-02-01,39.15
2018-03-01,39.32
2018-04-01,39.45
2018-05-01,39.62
2018-06-01,39.82
2018-07-01,39.79
2018-08-01,40.16
2018-09-01,40.62
2018-10-01,40.88
2018-11-01,41.14
2018-12-01,41.54
2019-01-01,41.71
2019-02-01,41.73
2019-03-01,42.08
2019-04-01,41.82
2019-05-01,41.98
2019-06-01,42.01
2019-07-01,42.23
2019-08-01,42.94
2019-09-01,42.22
2019-10-01,42.34
2019-11-01,42.64
2019-12-01,42.69
2020-01-01,42.86
2020-02-01,42.93
2020-03-01,43.07
2020-04-01,43.79
2020-05-01,43.74
2020-06-01,43.46
2020-07-01,44.29
2020-08-01,44.16
2020-09-01,43.9
2020-10-01,44.59
2020-11-01,44.52
2020-12-01,44.23
2021-01-01,44.38
2021-02-01,44.59
2021-03-01,44.03
2021-04-01,44.39
2021-05-01,44.34
2021-06-01,44.34
2021-07-01,44.46
2021-08-01,44.42
2021-09-01,44.44
2021-10-01,44.46
2021-11-01,44.57
2021-12-01,44.92
2022-01-01,45.09
2022-02-01,45.37
2022-03-01,45.44
2022-04-01,45.88
2022-05-01,46.24
2022-06-01,46.54
2022-07-01,46.7
2022-08-01,47.24
2022-09-01,47.88
2022-10-01,47.58
2022-11-01,47.31
2022-12-01,47.66
2023-01-01,47.75
2023-02-01,47.95
2023-03-01,48.14
2023-04-01,48.06
2023-05-01,48.33
2023-06-01,48.36
2023-07-01,48.47
2023-08-01,48.37
2023-09-01,48.59
2023-10-01,48.68
2023-11-01,48.92
2023-12-01,49.1
2024-01-01,49.1
2024-02-01,49.14
2024-03-01,49.37
2024-04-01,49.43
2024-05-01,49.47
2024-06-01,49.71
2024-07-01,49.99
2024-08-01,50.44
2024-09-01,50.57
2024-10-01,51.19
2024-11-01,51.29
2024-12-01,51.28
2025-01-01,51.56
2025-02-01,51.75
2025-03-01,51.83
2025-04-01,52.01
2025-05-01,52.32
2025-06-01,52.54
2025-07-01,52.63
2025-08-01,52.77
2025-09-01,53.06
2025-10-01,53.27
2025-11-01,53.46
2025-12-01,53.9
2026-01-01,53.95
2026-02-01,54.39
2026-03-01,54.64
2026-04-01,54.93
2026-05-01,55.1
2026-06-01,55.37
2026-07-01,55.73
2026-08-01,55.58
2026-09-01,56.08
