date,wage,cpi,wage_growth,inflation,real_wage
2019-01-01,27.59,252.561,3.2559880239521055,1.4875893578291333,36.500783137539045
2019-02-01,27.69,253.319,3.552729992520587,1.5188615351321877,36.52346405125553
2019-03-01,27.77,254.277,3.426443202979512,1.8831863513063984,36.49098373034132
2019-04-01,27.79,255.233,3.270159791898908,2.000583470209061,36.380485634694566
2019-05-01,27.88,255.296,3.335804299481082,1.7959105553606136,36.489299793181246
2019-06-01,27.97,255.213,3.4776174620791522,1.671194894390049,36.618996955484235
2019-07-01,28.03,255.802,3.4317343173431825,1.826331335037068,36.61305200897569
2019-08-01,28.14,256.036,3.4178610804851184,1.7376412106666406,36.723141823806024
2019-09-01,28.16,256.43,3.0746705710102518,1.6844977040391562,36.69277760012479
2019-10-01,28.24,257.155,3.178662769455598,1.7339736996186295,36.69327619529078
2019-11-01,28.34,257.879,3.279883381924198,2.092290394862917,36.719828058895835
2019-12-01,28.38,258.63,2.9753265602322276,2.3195274699624457,36.664879480338705
2020-01-01,28.43,259.127,3.0445813700616053,2.599767976845202,36.659029472034945
2020-02-01,28.54,259.25,3.069700252798846,2.3413166797595197,36.78340883317261
2020-03-01,28.73,258.076,3.4569679510262796,1.4940399642909163,37.19673131170662
2020-04-01,30.04,256.032,8.096437567470316,0.3130472940411133,39.20328412073491
2020-05-01,29.72,255.802,6.599713055954082,0.1982013035848551,38.82054604733348
2020-06-01,29.38,257.042,5.04111548087236,0.7166562831830481,38.191302510873705
2020-07-01,29.39,258.352,4.851944345344261,0.9968647625897997,38.01058280950022
2020-08-01,29.49,259.316,4.797441364605537,1.2810698495523853,37.99813042774067
2020-09-01,29.51,259.997,4.794034090909105,1.3910228912373812,37.92430608814717
2020-10-01,29.54,260.319,4.603399433427757,1.2303863428671624,37.915902181554166
2020-11-01,29.64,260.911,4.587155963302747,1.1757452138405844,37.95793523462023
2020-12-01,29.91,262.045,5.391120507399583,1.3204191315779434,38.1379465740617
2021-01-01,29.93,262.687,5.276116778051354,1.3738437137002402,38.07017793038864
2021-02-01,30.05,263.579,5.290819901892085,1.6698167791706853,38.093461732535594
2021-03-01,30.03,264.961,4.52488687782806,2.6678187820641908,37.86955034891927
2021-04-01,30.22,266.614,0.5992010652463353,4.133077115360573,37.87287546790491
2021-05-01,30.41,268.383,2.3216689098250365,4.918257089467626,37.85978884653648
2021-06-01,30.54,270.654,3.9482641252552853,5.295632620349999,37.70260458001729
2021-07-01,30.66,271.903,4.321197686287848,5.245169381309234,37.67687910762294
2021-08-01,30.78,272.676,4.374364191251279,5.152015301793966,37.717115477709804
2021-09-01,30.98,273.91,4.98136225008472,5.351215590949132,37.7911663685152
2021-10-01,31.14,276.55,5.416384563304,6.235042390298062,37.62371845959139
2021-11-01,31.23,278.919,5.3643724696356365,6.901970403700863,37.41197670291375
2021-12-01,31.39,280.845,4.948177866934134,7.174340285065539,37.34576755861774
2022-01-01,31.6,282.543,5.579685933845635,7.558805726967832,37.36967328866756
2022-02-01,31.64,284.5,5.291181364392683,7.937278766517819,37.15959521968365
2022-03-01,31.8,287.674,5.894105894105883,8.572204966013853,36.935440116242695
2022-04-01,31.96,288.561,5.757776307081408,8.231750770777225,37.007172694854816
2022-05-01,32.1,291.298,5.557382439986847,8.538171195642065,36.820043735281395
2022-06-01,32.19,294.957,5.402750491159125,8.979361103105798,36.46523693284105
2022-07-01,32.34,294.913,5.47945205479452,8.462576727730099,36.64062465879768
2022-08-01,32.44,295.097,5.393112410656253,8.222579178218826,36.73100587264526
2022-09-01,32.57,296.349,5.132343447385401,8.192106896425821,36.72240051425853
2022-10-01,32.7,298.007,5.009633911368017,7.758813957693,36.66384917132819
2022-11-01,32.82,298.786,5.091258405379451,7.122856456533988,36.70245399717523
2022-12-01,32.94,298.832,4.937878305192722,6.404600402357152,36.8309790785458
2023-01-01,33.02,300.42,4.493670886075951,6.327178517960097,36.725270021969244
2023-02-01,33.15,301.45,4.772439949431084,5.957820738137087,36.74388007961519
2023-03-01,33.27,301.821,4.622641509433967,4.917719362889961,36.83156032880416
2023-04-01,33.43,302.845,4.599499374217775,4.950079879124369,36.883552081097584
2023-05-01,33.5,303.334,4.361370716510904,4.131851231385042,36.901199667693035
2023-06-01,33.69,304.014,4.659832246039142,3.070617072997095,37.027483569835596
2023-07-01,33.85,304.609,4.669140383426096,3.287749268428297,37.13066373613386
2023-08-01,33.89,306.082,4.469790382244154,3.722504803505289,36.99564035127841
2023-09-01,34.01,307.276,4.421246545901125,3.687206638119256,36.98237190668974
2023-10-01,34.08,307.696,4.220183486238516,3.2512659098611785,37.00790546513441
2023-11-01,34.17,308.148,4.113345521023781,3.1333462745911866,37.051210035437514
2023-12-01,34.29,308.741,4.098360655737721,3.3159099427102934,37.10991410275927
2024-01-01,34.47,309.698,4.391278013325239,3.0883429864855705,37.18944122984327
2024-02-01,34.52,310.967,4.132730015082964,3.157074141648697,37.09140236745378
2024-03-01,34.65,312.345,4.147880973850304,3.4868349120836584,37.06683042789223
2024-04-01,34.76,313.023,3.9784624588692807,3.3607951262196734,37.103962200860636
2024-05-01,34.89,313.175,4.149253731343294,3.244278584003113,37.224652638301265
2024-06-01,35.01,313.044,3.918076580587715,2.9702579486470926,37.36831343197761
2024-07-01,35.08,313.569,3.633677991137363,2.9414757935583014,37.38033887278397
2024-08-01,35.22,314.062,3.9244614930658006,2.607144490692037,37.47060714126509
2024-09-01,35.34,314.732,3.9106145251396773,2.4264830315416708,37.518236277213624
2024-10-01,35.46,315.631,4.049295774647899,2.578844053871343,37.538408014421904
2024-11-01,35.6,316.528,4.184957565115588,2.719472461284833,37.57981473992822
2024-12-01,35.69,317.604,4.082822980460765,2.870690967509981,37.54718262364453
2025-01-01,35.84,318.961,3.974470554105025,2.9909783078999608,37.544574540461056
2025-02-01,35.94,319.679,4.113557358053277,2.8015834477613355,37.56477009750405
2025-03-01,36.11,319.785,4.213564213564225,2.381981462805549,37.72994483793798
2025-04-01,36.12,320.302,3.9125431530494748,2.32538823025783,37.67947661894087
2025-05-01,36.28,320.62,3.9839495557466353,2.3772651073680873,37.808847483001685
2025-06-01,36.36,321.435,3.8560411311054033,2.680453865910226,37.79614279714405
2025-07-01,36.47,322.169,3.9623717217788013,2.742618052167134,37.82411582119943
2025-08-01,36.62,323.291,3.9750141964792762,2.9385917430316155,37.84787457739312
2025-09-01,36.7,324.245,3.848330503678543,3.0225715847133294,37.81895696155685
2025-10-01,36.85,,3.9199097574732056,,
2025-11-01,37.0,325.063,3.93258426966292,2.6964439164939513,38.03215684344266
2025-12-01,37.02,326.031,3.7265340431493543,2.653304114557753,37.9397346264619
2026-01-01,37.15,326.588,3.655133928571419,2.391201432150014,38.00803045427266
2026-02-01,37.27,327.46,3.7006121313300167,2.4340041103732224,38.02926271911073
2026-03-01,37.35,330.293,3.433951813901981,3.2859577528651984,37.784006473040606
2026-04-01,37.41,332.407,3.5714285714285587,3.7792458367415627,37.60402371189536
2026-05-01,37.49,333.979,3.335170893054018,4.166614684049641,37.507062390150274
2026-06-01,37.59,332.568,3.3828382838283932,3.463530729385411,37.76666513314571
2026-07-01,37.64,332.813,3.208116259939686,3.303856050706311,37.78906124460283
2026-08-01,37.76,334.131,3.1130529765155623,3.353016322755642,37.76
